city_name,x,y,quantity
Miasto_0,7,12,18
Miasto_1,9,37,5
Miasto_2,35,26,18
Miasto_3,4,5,16
Miasto_4,6,1,18
Miasto_5,12,34,16
Miasto_6,18,24,13
Miasto_7,23,33,12
Miasto_8,33,1,11
Miasto_9,8,32,7
Miasto_10,36,10,18
Miasto_11,16,30,8
Miasto_12,3,34,6
Miasto_13,6,36,1
Miasto_14,30,11,14
Miasto_15,20,17,16
Miasto_16,20,8,10
Miasto_17,0,14,5
Miasto_18,0,31,4
Miasto_19,4,9,10
Miasto_20,32,13,8
Miasto_21,32,33,16
Miasto_22,29,30,4
Miasto_23,34,32,13
Miasto_24,6,22,3
Miasto_25,36,29,9
Miasto_26,28,30,13
Miasto_27,35,24,5
Miasto_28,15,2,15
Miasto_29,7,4,3
Miasto_30,10,37,16
Miasto_31,0,28,14
Miasto_32,12,12,11
Miasto_33,28,5,7
Miasto_34,19,30,7
Miasto_35,13,9,3
Miasto_36,32,31,1
Miasto_37,13,37,13
Miasto_38,20,0,9
Miasto_39,2,17,17
Miasto_40,28,23,17
Miasto_41,39,12,7
Miasto_42,27,20,14
Miasto_43,32,14,7
Miasto_44,4,19,17
Miasto_45,17,25,15
Miasto_46,4,33,17
Miasto_47,35,23,2
Miasto_48,38,31,7
Miasto_49,35,7,9
Miasto_50,27,23,11
Miasto_51,14,4,8
Miasto_52,11,5,16
Miasto_53,34,29,8
Miasto_54,17,2,1
Miasto_55,27,34,13
Miasto_56,32,23,8
Miasto_57,1,5,7
Miasto_58,36,34,1
Miasto_59,6,3,9
Miasto_60,29,7,9
Miasto_61,10,3,18
Miasto_62,38,8,16
Miasto_63,30,29,10
Miasto_64,23,23,17
Miasto_65,14,8,3
Miasto_66,9,33,10
Miasto_67,23,34,6
Miasto_68,19,14,16
Miasto_69,30,23,18
Miasto_70,23,29,6
Miasto_71,10,1,14
Miasto_72,26,0,16
Miasto_73,9,35,18
Miasto_74,16,38,2
Miasto_75,0,26,10
Miasto_76,5,29,15
Miasto_77,27,3,17
Miasto_78,3,27,1
Miasto_79,8,39,18
Miasto_80,36,19,1
Miasto_81,28,17,12
Miasto_82,21,18,6
Miasto_83,5,2,17
Miasto_84,13,11,11
Miasto_85,18,27,13
Miasto_86,30,0,3
Miasto_87,4,26,7
Miasto_88,23,0,1
Miasto_89,18,9,7
Miasto_90,18,37,15
Miasto_91,28,18,4
Miasto_92,28,29,2
Miasto_93,11,1,15
Miasto_94,12,1,3
Miasto_95,1,17,7
Miasto_96,32,1,11
Miasto_97,21,7,14
Miasto_98,9,38,10
Miasto_99,14,17,7
Miasto_100,0,19,1
Miasto_101,1,22,12
Miasto_102,39,39,9
Miasto_103,8,25,14
Miasto_104,5,34,7
Miasto_105,3,7,12
Miasto_106,9,7,14
Miasto_107,3,33,1
Miasto_108,5,38,2
Miasto_109,3,1,3
Miasto_110,21,16,7
Miasto_111,36,12,9
Miasto_112,19,17,11
Miasto_113,32,8,11
Miasto_114,37,15,17
Miasto_115,16,37,15
Miasto_116,16,27,7
Miasto_117,15,32,18
Miasto_118,33,32,11
Miasto_119,8,23,17
Miasto_120,17,17,13
Miasto_121,39,24,1
Miasto_122,24,8,11
Miasto_123,6,2,5
Miasto_124,27,8,13
Miasto_125,26,20,8
Miasto_126,9,20,17
Miasto_127,10,13,2
Miasto_128,6,27,4
Miasto_129,39,16,7
Miasto_130,30,3,13
Miasto_131,6,32,1
Miasto_132,3,11,13
Miasto_133,4,11,13
Miasto_134,26,4,9
Miasto_135,26,5,2
Miasto_136,12,31,4
Miasto_137,2,1,7
Miasto_138,7,34,4
Miasto_139,0,32,3
Miasto_140,0,25,13
Miasto_141,3,5,4
Miasto_142,20,1,8
Miasto_143,27,14,11
Miasto_144,35,14,1
Miasto_145,16,9,9
Miasto_146,9,26,16
Miasto_147,0,35,17
Miasto_148,0,10,1
Miasto_149,10,31,7
Miasto_150,24,22,5
Miasto_151,10,11,8
Miasto_152,9,32,18
Miasto_153,25,26,4
Miasto_154,17,32,3
Miasto_155,20,24,10
Miasto_156,32,30,16
Miasto_157,1,2,1
Miasto_158,33,19,14
Miasto_159,10,39,5
Miasto_160,19,31,14
Miasto_161,26,32,6
Miasto_162,17,31,14
Miasto_163,15,20,15
Miasto_164,8,35,6
Miasto_165,7,3,1
Miasto_166,19,7,17
Miasto_167,27,29,2
Miasto_168,28,11,17
Miasto_169,32,15,18
Miasto_170,37,2,16
Miasto_171,34,13,18
Miasto_172,18,5,3
Miasto_173,13,14,4
Miasto_174,29,13,8
Miasto_175,21,34,12
Miasto_176,6,23,8
Miasto_177,38,29,2
Miasto_178,8,29,1
Miasto_179,37,24,8
Miasto_180,27,33,11
Miasto_181,34,6,7
Miasto_182,4,35,18
Miasto_183,31,23,9
Miasto_184,36,1,4
Miasto_185,6,12,11
Miasto_186,28,31,6
Miasto_187,23,26,7
Miasto_188,33,10,15
Miasto_189,10,0,12
Miasto_190,5,31,2
Miasto_191,17,36,14
Miasto_192,28,25,16
Miasto_193,29,20,13
Miasto_194,27,13,6
Miasto_195,31,37,18
Miasto_196,30,9,6
Miasto_197,9,28,14
Miasto_198,12,24,8
Miasto_199,18,10,17
Miasto_200,20,32,3
Miasto_201,30,24,13
Miasto_202,31,0,10
Miasto_203,3,22,15
Miasto_204,36,2,10
Miasto_205,30,15,2
Miasto_206,22,11,7
Miasto_207,34,12,11
Miasto_208,4,21,16
Miasto_209,27,38,10
Miasto_210,20,10,12
Miasto_211,39,30,1
Miasto_212,30,4,15
Miasto_213,1,11,12
Miasto_214,33,16,16
Miasto_215,32,9,8
Miasto_216,15,26,11
Miasto_217,23,8,2
Miasto_218,1,4,15
Miasto_219,20,29,13
Miasto_220,39,38,18
Miasto_221,38,9,14
Miasto_222,9,18,16
Miasto_223,0,36,8
Miasto_224,37,32,18
Miasto_225,12,36,5
Miasto_226,25,38,3
Miasto_227,26,36,14
Miasto_228,1,34,9
Miasto_229,11,7,4
Miasto_230,25,21,18
Miasto_231,29,17,8
Miasto_232,25,30,13
Miasto_233,13,12,3
Miasto_234,32,6,16
Miasto_235,7,23,3
Miasto_236,36,24,16
Miasto_237,22,14,3
Miasto_238,22,30,16
Miasto_239,29,6,5
Miasto_240,38,0,5
Miasto_241,30,34,3
Miasto_242,29,33,1
Miasto_243,37,9,6
Miasto_244,37,21,6
Miasto_245,28,0,12
Miasto_246,26,19,8
Miasto_247,34,0,3
Miasto_248,14,20,2
Miasto_249,34,31,4
Miasto_250,30,36,4
Miasto_251,21,6,16
Miasto_252,21,35,18
Miasto_253,4,4,17
Miasto_254,16,1,3
Miasto_255,21,0,4
Miasto_256,36,11,7
Miasto_257,16,18,17
Miasto_258,13,20,6
Miasto_259,17,34,4
Miasto_260,34,24,9
Miasto_261,36,16,3
Miasto_262,33,25,18
Miasto_263,4,36,9
Miasto_264,17,10,9
Miasto_265,39,14,11
Miasto_266,5,19,15
Miasto_267,14,21,7
Miasto_268,26,39,12
Miasto_269,15,17,8
Miasto_270,12,17,6
Miasto_271,30,12,11
Miasto_272,27,36,15
Miasto_273,12,25,6
Miasto_274,18,36,5
Miasto_275,37,12,5
Miasto_276,24,37,9
Miasto_277,20,15,3
Miasto_278,27,1,12
Miasto_279,35,1,13
Miasto_280,16,26,2
Miasto_281,6,0,9
Miasto_282,34,36,15
Miasto_283,33,36,12
Miasto_284,17,12,8
Miasto_285,7,26,10
Miasto_286,2,6,11
Miasto_287,6,11,9
Miasto_288,12,39,13
Miasto_289,19,23,15
Miasto_290,34,2,6
Miasto_291,11,13,18
Miasto_292,1,29,2
Miasto_293,8,22,1
Miasto_294,19,38,16
Miasto_295,13,32,6
Miasto_296,5,27,4
Miasto_297,38,38,17
Miasto_298,17,9,14
Miasto_299,0,29,3
Miasto_300,6,5,11
Miasto_301,16,4,1
Miasto_302,4,8,18
Miasto_303,8,38,4
Miasto_304,16,8,2
Miasto_305,29,28,8
Miasto_306,35,17,9
Miasto_307,12,2,9
Miasto_308,5,6,17
Miasto_309,10,33,4
Miasto_310,32,12,8
Miasto_311,5,0,15
Miasto_312,24,9,12
Miasto_313,35,4,3
Miasto_314,9,3,11
Miasto_315,20,26,3
Miasto_316,30,30,18
Miasto_317,8,15,9
Miasto_318,22,16,15
Miasto_319,32,22,1
Miasto_320,36,0,12
Miasto_321,33,30,6
Miasto_322,25,36,8
Miasto_323,30,7,1
Miasto_324,34,1,5
Miasto_325,23,4,3
Miasto_326,26,14,1
Miasto_327,13,10,8
Miasto_328,9,12,11
Miasto_329,32,28,9
Miasto_330,15,1,12
Miasto_331,9,22,15
Miasto_332,36,8,17
Miasto_333,6,33,17
Miasto_334,38,15,6
Miasto_335,24,25,16
Miasto_336,31,14,8
Miasto_337,23,36,17
Miasto_338,39,29,1
Miasto_339,37,17,3
Miasto_340,20,6,18
Miasto_341,6,28,17
Miasto_342,24,7,14
Miasto_343,8,27,12
Miasto_344,30,2,18
Miasto_345,7,14,15
Miasto_346,19,22,6
Miasto_347,8,26,12
Miasto_348,32,37,18
Miasto_349,17,4,7
Miasto_350,11,2,18
Miasto_351,8,33,8
Miasto_352,31,20,10
Miasto_353,22,21,12
Miasto_354,13,26,17
Miasto_355,22,38,9
Miasto_356,22,4,14
Miasto_357,24,17,8
Miasto_358,19,9,17
Miasto_359,10,12,11
Miasto_360,27,6,17
Miasto_361,16,36,9
Miasto_362,16,24,12
Miasto_363,21,33,7
Miasto_364,3,29,2
Miasto_365,23,9,1
Miasto_366,5,23,1
Miasto_367,14,0,17
Miasto_368,1,3,9
Miasto_369,27,12,7
Miasto_370,6,6,6
Miasto_371,0,18,1
Miasto_372,33,39,9
Miasto_373,39,1,4
Miasto_374,29,4,15
Miasto_375,0,39,5
Miasto_376,37,37,13
Miasto_377,11,39,1
Miasto_378,13,39,9
Miasto_379,11,36,5
Miasto_380,26,24,17
Miasto_381,6,19,15
Miasto_382,29,5,7
Miasto_383,6,18,2
Miasto_384,25,25,6
Miasto_385,19,4,10
Miasto_386,35,0,2
Miasto_387,30,38,2
Miasto_388,11,23,7
Miasto_389,14,34,15
Miasto_390,32,11,10
Miasto_391,23,1,15
Miasto_392,28,26,13
Miasto_393,27,25,1
Miasto_394,21,31,3
Miasto_395,16,3,13
Miasto_396,1,25,16
Miasto_397,13,5,14
Miasto_398,11,34,7
Miasto_399,1,19,16
Miasto_400,10,35,13
Miasto_401,0,30,13
Miasto_402,7,30,14
Miasto_403,10,2,13
Miasto_404,20,30,5
Miasto_405,34,8,8
Miasto_406,22,34,18
Miasto_407,18,16,6
Miasto_408,38,23,7
Miasto_409,10,25,6
Miasto_410,24,38,17
Miasto_411,37,3,16
Miasto_412,36,32,9
Miasto_413,1,20,9
Miasto_414,6,39,2
Miasto_415,23,18,6
Miasto_416,15,15,3
Miasto_417,10,17,7
Miasto_418,14,37,1
Miasto_419,20,33,2
Miasto_420,21,26,2
Miasto_421,29,1,9
Miasto_422,9,30,16
Miasto_423,15,14,10
Miasto_424,7,21,12
Miasto_425,3,3,15
Miasto_426,16,7,5
Miasto_427,39,37,2
Miasto_428,18,34,5
Miasto_429,9,14,18
Miasto_430,19,3,9
Miasto_431,12,28,10
Miasto_432,24,36,9
Miasto_433,35,10,13
Miasto_434,28,12,1
Miasto_435,8,1,10
Miasto_436,0,27,13
Miasto_437,29,11,13
Miasto_438,18,13,10
Miasto_439,37,26,13
Miasto_440,38,37,3
Miasto_441,7,36,2
Miasto_442,12,37,6
Miasto_443,25,28,5
Miasto_444,10,4,4
Miasto_445,2,3,8
Miasto_446,8,4,2
Miasto_447,30,39,6
Miasto_448,12,4,5
Miasto_449,32,26,3
Miasto_450,23,38,10
Miasto_451,3,8,5
Miasto_452,7,16,7
Miasto_453,34,5,4
Miasto_454,39,3,18
Miasto_455,24,29,14
Miasto_456,22,10,9
Miasto_457,31,29,2
Miasto_458,22,31,6
Miasto_459,23,21,17
Miasto_460,28,13,16
Miasto_461,17,7,9
Miasto_462,31,33,8
Miasto_463,24,1,15
Miasto_464,34,16,18
Miasto_465,11,4,1
Miasto_466,25,11,17
Miasto_467,1,18,17
Miasto_468,12,0,14
Miasto_469,5,8,14
Miasto_470,19,2,2
Miasto_471,11,30,7
Miasto_472,7,11,3
Miasto_473,37,22,16
Miasto_474,23,19,7
Miasto_475,0,11,12
Miasto_476,14,39,7
Miasto_477,17,28,4
Miasto_478,8,14,16
Miasto_479,31,1,8
Miasto_480,36,23,16
Miasto_481,3,0,13
Miasto_482,27,7,1
Miasto_483,15,33,6
Miasto_484,26,11,6
Miasto_485,27,21,2
Miasto_486,12,5,4
Miasto_487,2,32,2
Miasto_488,33,14,11
Miasto_489,20,31,2
Miasto_490,24,20,7
Miasto_491,6,16,17
Miasto_492,34,33,17
Miasto_493,37,20,7
Miasto_494,16,25,8
Miasto_495,39,35,17
Miasto_496,38,19,10
Miasto_497,29,16,8
Miasto_498,19,32,18
Miasto_499,16,28,15
Miasto_500,27,31,3
Miasto_501,18,23,4
Miasto_502,27,24,7
Miasto_503,20,36,11
Miasto_504,22,25,17
Miasto_505,1,37,18
Miasto_506,0,4,4
Miasto_507,19,37,2
Miasto_508,12,35,18
Miasto_509,26,22,5
Miasto_510,25,37,17
Miasto_511,23,12,9
Miasto_512,31,10,6
Miasto_513,22,6,3
Miasto_514,11,6,7
Miasto_515,0,33,15
Miasto_516,1,13,7
Miasto_517,34,3,7
Miasto_518,3,10,8
Miasto_519,6,14,4
Miasto_520,18,19,8
Miasto_521,4,15,12
Miasto_522,30,21,6
Miasto_523,12,3,11
Miasto_524,8,2,7
Miasto_525,16,35,2
Miasto_526,19,21,5
Miasto_527,35,39,7
Miasto_528,38,4,3
Miasto_529,7,32,11
Miasto_530,13,38,13
Miasto_531,14,16,16
Miasto_532,28,22,13
Miasto_533,4,3,10
Miasto_534,3,21,12
Miasto_535,16,13,6
Miasto_536,39,10,18
Miasto_537,11,15,12
Miasto_538,25,13,8
Miasto_539,24,2,9
Miasto_540,1,16,6
Miasto_541,38,5,16
Miasto_542,8,13,4
Miasto_543,1,8,16
Miasto_544,31,8,3
Miasto_545,3,39,18
Miasto_546,4,34,18
Miasto_547,33,3,9
Miasto_548,18,11,13
Miasto_549,29,9,2
Miasto_550,33,6,7
Miasto_551,23,16,16
Miasto_552,39,34,9
Miasto_553,9,19,16
Miasto_554,14,35,8
Miasto_555,2,39,11
Miasto_556,25,32,5
Miasto_557,33,18,4
Miasto_558,33,35,11
Miasto_559,17,35,4
Miasto_560,4,22,9
Miasto_561,35,36,11
Miasto_562,32,34,2
Miasto_563,12,29,13
Miasto_564,38,10,11
Miasto_565,20,39,5
Miasto_566,12,9,7
Miasto_567,16,21,11
Miasto_568,21,8,8
Miasto_569,38,20,14
Miasto_570,35,20,1
Miasto_571,38,16,3
Miasto_572,23,28,5
Miasto_573,30,31,2
Miasto_574,27,28,11
Miasto_575,10,23,3
Miasto_576,2,28,12
Miasto_577,31,6,6
Miasto_578,30,35,4
Miasto_579,35,2,11
Miasto_580,25,20,13
Miasto_581,33,9,1
Miasto_582,3,15,5
Miasto_583,28,4,2
Miasto_584,34,37,12
Miasto_585,7,27,7
Miasto_586,34,25,14
Miasto_587,30,26,5
Miasto_588,1,39,18
Miasto_589,14,11,6
Miasto_590,2,30,12
Miasto_591,35,37,2
Miasto_592,14,7,7
Miasto_593,5,39,17
Miasto_594,3,14,17
Miasto_595,27,30,2
Miasto_596,34,10,8
Miasto_597,38,35,3
Miasto_598,1,0,14
Miasto_599,24,4,2
Miasto_600,30,8,1
Miasto_601,15,31,17
Miasto_602,18,26,15
Miasto_603,36,13,14
Miasto_604,21,30,7
Miasto_605,17,27,4
Miasto_606,22,7,3
Miasto_607,3,19,5
Miasto_608,28,33,8
Miasto_609,13,34,18
Miasto_610,7,38,4
Miasto_611,36,5,7
Miasto_612,11,32,7
Miasto_613,14,30,6
Miasto_614,36,6,8
Miasto_615,33,31,15
Miasto_616,23,2,16
Miasto_617,27,39,3
Miasto_618,17,26,8
Miasto_619,12,16,10
Miasto_620,23,22,16
Miasto_621,21,4,8
Miasto_622,24,21,1
Miasto_623,17,6,5
Miasto_624,7,18,7
Miasto_625,14,27,15
Miasto_626,25,35,4
Miasto_627,27,17,2
Miasto_628,32,21,18
Miasto_629,28,3,9
Miasto_630,23,11,12
Miasto_631,11,11,13
Miasto_632,0,1,11
Miasto_633,5,13,6
Miasto_634,28,38,2
Miasto_635,0,20,5
Miasto_636,2,25,5
Miasto_637,31,26,5
Miasto_638,36,4,1
Miasto_639,18,7,10
Miasto_640,22,2,12
Miasto_641,24,11,16
Miasto_642,5,24,6
Miasto_643,9,1,6
Miasto_644,22,22,18
Miasto_645,27,5,5
Miasto_646,0,38,8
Miasto_647,10,38,8
Miasto_648,39,18,2
Miasto_649,21,32,15
Miasto_650,11,14,15
Miasto_651,6,7,14
Miasto_652,0,6,12
Miasto_653,32,36,12
Miasto_654,21,22,10
Miasto_655,10,34,1
Miasto_656,37,19,6
Miasto_657,35,35,10
Miasto_658,15,34,7
Miasto_659,37,5,16
Miasto_660,29,21,7
Miasto_661,20,18,12
Miasto_662,29,8,10
Miasto_663,34,7,16
Miasto_664,6,20,12
Miasto_665,31,9,2
Miasto_666,5,28,5
Miasto_667,32,7,8
Miasto_668,5,9,18
Miasto_669,14,9,17
Miasto_670,39,4,8
Miasto_671,8,3,10
Miasto_672,36,21,1
Miasto_673,4,37,16
Miasto_674,6,31,12
Miasto_675,30,16,13
Miasto_676,16,15,11
Miasto_677,33,24,6
Miasto_678,10,30,5
Miasto_679,5,25,4
Miasto_680,2,33,4
Miasto_681,38,14,4
Miasto_682,11,24,15
Miasto_683,22,28,12
Miasto_684,23,17,17
Miasto_685,24,30,3
Miasto_686,26,29,18
Miasto_687,28,6,7
Miasto_688,2,7,5
Miasto_689,7,20,11
Miasto_690,4,17,13
Miasto_691,26,13,16
Miasto_692,13,28,12
Miasto_693,15,0,9
Miasto_694,5,26,17
Miasto_695,4,20,3
Miasto_696,35,30,15
Miasto_697,33,8,12
Miasto_698,13,4,12
Miasto_699,31,5,12
Miasto_700,34,4,15
Miasto_701,4,32,8
Miasto_702,34,34,14
Miasto_703,7,6,15
Miasto_704,26,35,17
Miasto_705,16,0,14
Miasto_706,10,24,17
Miasto_707,17,16,13
Miasto_708,27,16,11
Miasto_709,14,33,14
Miasto_710,12,8,4
Miasto_711,29,0,7
Miasto_712,4,39,4
Miasto_713,4,16,6
Miasto_714,7,24,9
Miasto_715,39,28,4
Miasto_716,14,10,7
Miasto_717,13,29,11
Miasto_718,16,16,16
Miasto_719,32,5,16
Miasto_720,8,5,9
Miasto_721,17,19,5
Miasto_722,4,13,4
Miasto_723,20,25,17
Miasto_724,17,23,15
Miasto_725,25,34,4
Miasto_726,19,10,18
Miasto_727,35,21,1
Miasto_728,34,30,16
Miasto_729,39,32,9
Miasto_730,23,25,4
Miasto_731,24,39,6
Miasto_732,34,20,10
Miasto_733,9,9,14
Miasto_734,13,36,13
Miasto_735,10,14,16
Miasto_736,1,27,6
Miasto_737,8,17,12
Miasto_738,16,14,3
Miasto_739,24,10,12
Miasto_740,19,26,12
Miasto_741,30,19,8
Miasto_742,39,6,14
Miasto_743,9,21,13
Miasto_744,26,3,1
Miasto_745,22,20,14
Miasto_746,37,4,12
Miasto_747,6,30,14
Miasto_748,12,22,16
Miasto_749,31,35,2
Miasto_750,22,24,4
Miasto_751,17,22,15
Miasto_752,37,6,16
Miasto_753,25,16,4
Miasto_754,11,17,16
Miasto_755,3,9,15
Miasto_756,11,29,14
Miasto_757,9,29,9
Miasto_758,22,37,8
Miasto_759,36,20,17
Miasto_760,15,13,1
Miasto_761,26,25,14
Miasto_762,39,27,5
Miasto_763,31,16,14
Miasto_764,37,29,18
Miasto_765,17,15,18
Miasto_766,19,19,10
Miasto_767,19,0,16
Miasto_768,39,19,18
Miasto_769,10,10,14
Miasto_770,20,28,14
Miasto_771,37,25,7
Miasto_772,22,27,16
Miasto_773,12,32,16
Miasto_774,24,13,7
Miasto_775,38,22,4
Miasto_776,13,25,16
Miasto_777,32,18,1
Miasto_778,28,21,18
Miasto_779,11,22,14
Miasto_780,22,23,10
Miasto_781,35,32,6
Miasto_782,28,10,2
Miasto_783,3,23,10
Miasto_784,6,15,16
Miasto_785,16,32,5
Miasto_786,23,3,12
Miasto_787,32,17,5
Miasto_788,39,9,18
Miasto_789,17,20,11
Miasto_790,17,5,18
Miasto_791,37,36,11
Miasto_792,0,13,6
Miasto_793,25,3,12
Miasto_794,4,1,7
Miasto_795,24,6,17
Miasto_796,8,24,3
Miasto_797,33,0,16
Miasto_798,19,35,17
Miasto_799,12,30,18
Miasto_800,8,30,8
Miasto_801,33,33,17
Miasto_802,20,4,8
Miasto_803,14,5,9
Miasto_804,12,20,2
Miasto_805,11,8,14
Miasto_806,7,33,11
Miasto_807,10,5,15
Miasto_808,33,34,18
Miasto_809,15,22,13
Miasto_810,39,15,7
Miasto_811,15,11,5
Miasto_812,5,12,7
Miasto_813,19,18,6
Miasto_814,8,19,17
Miasto_815,14,36,8
Miasto_816,37,13,18
Miasto_817,22,5,4
Miasto_818,2,22,13
Miasto_819,1,10,9
Miasto_820,30,37,14
Miasto_821,22,13,13
Miasto_822,25,7,8
Miasto_823,15,4,4
Miasto_824,33,17,6
Miasto_825,25,24,18
Miasto_826,3,31,3
Miasto_827,28,24,7
Miasto_828,33,22,5
Miasto_829,38,28,8
Miasto_830,30,10,2
Miasto_831,2,34,16
Miasto_832,18,29,15
Miasto_833,10,21,12
Miasto_834,26,28,3
Miasto_835,2,21,12
Miasto_836,4,12,14
Miasto_837,20,13,17
Miasto_838,7,15,6
Miasto_839,15,23,7
Miasto_840,38,11,8
Miasto_841,9,17,4
Miasto_842,0,3,18
Miasto_843,24,12,5
Miasto_844,29,32,3
Miasto_845,21,28,13
Miasto_846,7,8,12
Miasto_847,24,15,3
Miasto_848,3,32,11
Miasto_849,5,16,10
Miasto_850,8,8,9
Miasto_851,38,33,11
Miasto_852,18,32,18
Miasto_853,34,22,11
Miasto_854,6,35,4
Miasto_855,24,23,13
Miasto_856,7,2,15
Miasto_857,13,3,14
Miasto_858,15,27,13
Miasto_859,11,9,18
Miasto_860,24,35,9
Miasto_861,13,15,9
Miasto_862,33,2,8
Miasto_863,2,20,10
Miasto_864,8,10,11
Miasto_865,19,36,13
Miasto_866,15,38,13
Miasto_867,15,28,15
Miasto_868,17,21,3
Miasto_869,9,5,13
Miasto_870,36,14,17
Miasto_871,5,4,2
Miasto_872,7,25,4
Miasto_873,11,10,11
Miasto_874,11,26,15
Miasto_875,39,25,15
Miasto_876,31,18,8
Miasto_877,25,17,10
Miasto_878,26,16,13
Miasto_879,35,11,18
Miasto_880,24,3,4
Miasto_881,8,7,11
Miasto_882,39,22,4
Miasto_883,15,16,4
Miasto_884,39,20,1
Miasto_885,13,23,18
Miasto_886,11,12,7
Miasto_887,5,21,7
Miasto_888,13,18,5
Miasto_889,26,2,18
Miasto_890,35,13,12
Miasto_891,25,5,17
Miasto_892,7,19,7
Miasto_893,22,9,4
Miasto_894,13,17,9
Miasto_895,25,22,1
Miasto_896,9,15,13
Miasto_897,39,31,12
Miasto_898,35,15,17
Miasto_899,18,15,8
Miasto_900,9,31,10
Miasto_901,16,6,7
Miasto_902,13,22,17
Miasto_903,12,27,14
Miasto_904,32,32,6
Miasto_905,35,18,10
Miasto_906,34,35,14
Miasto_907,23,14,16
Miasto_908,7,39,3
Miasto_909,9,36,6
Miasto_910,39,2,3
Miasto_911,27,2,3
Miasto_912,23,39,14
Miasto_913,33,15,1
Miasto_914,0,17,4
Miasto_915,20,35,12
Miasto_916,13,0,10
Miasto_917,26,10,11
Miasto_918,10,28,3
Miasto_919,5,10,8
Miasto_920,16,5,7
Miasto_921,5,1,4
Miasto_922,25,27,15
Miasto_923,12,21,5
Miasto_924,1,15,9
Miasto_925,31,36,7
Miasto_926,21,23,16
Miasto_927,36,31,13
Miasto_928,31,34,3
Miasto_929,20,2,10
Miasto_930,9,10,9
Miasto_931,17,33,12
Miasto_932,18,3,13
Miasto_933,19,20,15
Miasto_934,30,6,2
Miasto_935,4,2,5
Miasto_936,23,13,5
Miasto_937,2,26,9
Miasto_938,29,12,14
Miasto_939,16,20,8
Miasto_940,29,3,1
Miasto_941,8,21,12
Miasto_942,19,27,15
Miasto_943,37,38,8
Miasto_944,29,10,2
Miasto_945,10,6,17
Miasto_946,18,35,3
Miasto_947,25,14,7
Miasto_948,3,36,3
Miasto_949,35,25,12
Miasto_950,39,11,2
Miasto_951,23,7,6
Miasto_952,22,1,1
Miasto_953,21,13,1
Miasto_954,21,14,3
Miasto_955,5,32,8
Miasto_956,11,21,3
Miasto_957,11,28,9
Miasto_958,7,9,16
Miasto_959,18,18,3
Miasto_960,33,13,12
Miasto_961,22,36,16
Miasto_962,36,9,7
Miasto_963,31,4,9
Miasto_964,3,6,18
Miasto_965,5,22,11
Miasto_966,19,34,17
Miasto_967,30,28,3
Miasto_968,16,31,8
Miasto_969,37,33,13
Miasto_970,35,5,1
Miasto_971,4,38,2
Miasto_972,2,11,2
Miasto_973,34,15,1
Miasto_974,17,8,16
Miasto_975,25,9,11
Miasto_976,13,27,7
Miasto_977,29,2,11
Miasto_978,16,39,4
Miasto_979,13,13,7
Miasto_980,23,37,6
Miasto_981,28,20,12
Miasto_982,33,37,5
Miasto_983,14,19,11
Miasto_984,31,27,3
Miasto_985,18,33,11
Miasto_986,29,22,16
Miasto_987,11,38,3
Miasto_988,3,24,10
Miasto_989,0,12,18
Miasto_990,22,12,7
Miasto_991,24,24,17
Miasto_992,33,26,6
Miasto_993,8,31,1
Miasto_994,8,20,15
Miasto_995,20,19,12
Miasto_996,1,38,9
Miasto_997,8,0,15
Miasto_998,0,15,14
Miasto_999,3,26,3
Miasto_1000,15,21,11
Miasto_1001,22,0,18
Miasto_1002,31,30,16
Miasto_1003,29,26,14
Miasto_1004,37,0,2
Miasto_1005,6,26,18
Miasto_1006,26,9,12
Miasto_1007,9,39,7
Miasto_1008,28,35,15
Miasto_1009,12,15,3
Miasto_1010,26,30,5
Miasto_1011,2,38,6
Miasto_1012,29,25,13
Miasto_1013,1,31,8
Miasto_1014,16,22,15
Miasto_1015,13,30,3
Miasto_1016,34,27,16
Miasto_1017,6,37,2
Miasto_1018,2,15,11
Miasto_1019,27,22,4
Miasto_1020,3,4,16
Miasto_1021,21,11,5
Miasto_1022,18,1,14
Miasto_1023,3,38,2
Miasto_1024,4,24,4
Miasto_1025,21,21,7
Miasto_1026,18,28,5
Miasto_1027,0,34,1
Miasto_1028,21,9,4
Miasto_1029,24,33,15
Miasto_1030,25,31,15
Miasto_1031,36,35,11
Miasto_1032,37,18,17
Miasto_1033,38,18,10
Miasto_1034,0,8,18
Miasto_1035,11,19,9
Miasto_1036,31,24,5
Miasto_1037,26,33,2
Miasto_1038,16,34,9
Miasto_1039,33,4,11
Miasto_1040,34,14,6
Miasto_1041,11,27,12
Miasto_1042,12,33,6
Miasto_1043,17,0,8
Miasto_1044,4,10,12
Miasto_1045,9,16,9
Miasto_1046,31,17,9
Miasto_1047,35,22,9
Miasto_1048,39,13,7
Miasto_1049,36,27,5
Miasto_1050,33,12,5
Miasto_1051,16,29,13
Miasto_1052,29,31,9
Miasto_1053,17,14,2
Miasto_1054,34,23,2
Miasto_1055,4,27,2
Miasto_1056,3,25,2
Miasto_1057,14,6,15
Miasto_1058,30,22,14
Miasto_1059,33,28,4
Miasto_1060,39,36,15
Miasto_1061,25,4,15
Miasto_1062,0,37,17
Miasto_1063,29,27,1
Miasto_1064,28,2,12
Miasto_1065,38,36,9
Miasto_1066,34,28,17
Miasto_1067,5,17,15
Miasto_1068,38,24,3
Miasto_1069,4,23,14
Miasto_1070,18,0,3
Miasto_1071,13,35,15
Miasto_1072,12,13,16
Miasto_1073,17,24,7
Miasto_1074,2,37,4
Miasto_1075,28,1,3
Miasto_1076,3,35,4
Miasto_1077,7,28,10
Miasto_1078,38,34,9
Miasto_1079,25,29,5
Miasto_1080,32,24,5
Miasto_1081,29,29,12
Miasto_1082,19,33,4
Miasto_1083,36,30,7
Miasto_1084,18,30,17
Miasto_1085,5,14,8
Miasto_1086,19,28,11
Miasto_1087,8,16,18
Miasto_1088,5,7,8
Miasto_1089,20,11,3
Miasto_1090,32,4,10
Miasto_1091,28,14,1
Miasto_1092,37,10,6
Miasto_1093,3,16,11
Miasto_1094,11,35,12
Miasto_1095,23,6,7
Miasto_1096,1,30,13
Miasto_1097,32,27,13
Miasto_1098,25,12,14
Miasto_1099,21,3,16
Miasto_1100,1,14,6
Miasto_1101,13,7,11
Miasto_1102,35,27,16
Miasto_1103,36,15,15
Miasto_1104,22,3,13
Miasto_1105,19,16,11
Miasto_1106,18,25,6
Miasto_1107,28,27,8
Miasto_1108,26,6,6
Miasto_1109,5,3,6
Miasto_1110,36,3,12
Miasto_1111,38,39,9
Miasto_1112,37,27,2
Miasto_1113,38,26,12
Miasto_1114,39,33,13
Miasto_1115,20,34,12
Miasto_1116,17,13,9
Miasto_1117,9,0,14
Miasto_1118,1,26,2
Miasto_1119,11,16,1
Miasto_1120,25,33,10
Miasto_1121,30,27,14
Miasto_1122,37,30,13
Miasto_1123,5,36,1
Miasto_1124,2,8,16
Miasto_1125,27,27,9
Miasto_1126,3,30,12
Miasto_1127,4,14,10
Miasto_1128,33,5,2
Miasto_1129,15,35,1
Miasto_1130,39,23,7
Miasto_1131,31,7,1
Miasto_1132,7,31,4
Miasto_1133,27,35,11
Miasto_1134,18,22,1
Miasto_1135,28,37,1
Miasto_1136,33,11,13
Miasto_1137,34,21,3
Miasto_1138,31,13,3
Miasto_1139,37,16,9
Miasto_1140,22,18,17
Miasto_1141,28,36,15
Miasto_1142,2,24,1
Miasto_1143,9,6,15
Miasto_1144,3,18,16
Miasto_1145,25,6,2
Miasto_1146,7,0,17
Miasto_1147,15,10,3
Miasto_1148,14,23,6
Miasto_1149,1,24,8
Miasto_1150,30,18,1
Miasto_1151,13,1,3
Miasto_1152,24,5,3
Miasto_1153,1,23,17
Miasto_1154,22,33,12
Miasto_1155,4,29,7
Miasto_1156,31,38,13
Miasto_1157,1,7,5
Miasto_1158,24,0,3
Miasto_1159,30,33,12
Miasto_1160,24,27,12
Miasto_1161,13,19,12
Miasto_1162,7,22,12
Miasto_1163,6,4,8
Miasto_1164,38,27,2
Miasto_1165,33,23,18
Miasto_1166,30,14,2
Miasto_1167,22,19,14
Miasto_1168,24,16,4
Miasto_1169,9,8,8
Miasto_1170,31,12,7
Miasto_1171,22,35,1
Miasto_1172,15,9,12
Miasto_1173,31,22,16
Miasto_1174,14,25,4
Miasto_1175,4,28,13
Miasto_1176,12,23,16
Miasto_1177,5,11,15
Miasto_1178,11,18,17
Miasto_1179,15,36,16
Miasto_1180,5,15,2
Miasto_1181,34,11,12
Miasto_1182,27,11,12
Miasto_1183,20,14,5
Miasto_1184,8,18,4
Miasto_1185,14,24,2
Miasto_1186,25,15,16
Miasto_1187,19,15,14
Miasto_1188,17,39,17
Miasto_1189,25,19,16
Miasto_1190,17,29,7
Miasto_1191,26,37,13
Miasto_1192,26,31,14
Miasto_1193,12,10,8
Miasto_1194,37,1,5
Miasto_1195,30,13,15
Miasto_1196,20,38,7
Miasto_1197,15,37,1
Miasto_1198,18,12,12
Miasto_1199,1,12,11
Miasto_1200,6,8,15
Miasto_1201,26,27,6
Miasto_1202,7,5,4
Miasto_1203,22,26,14
Miasto_1204,16,23,11
Miasto_1205,26,17,2
Miasto_1206,33,29,14
Miasto_1207,32,19,8
Miasto_1208,15,6,8
Miasto_1209,14,26,4
Miasto_1210,32,38,4
Miasto_1211,15,19,9
Miasto_1212,31,28,8
Miasto_1213,11,37,15
Miasto_1214,28,28,16
Miasto_1215,17,37,17
Miasto_1216,7,37,4
Miasto_1217,14,28,6
Miasto_1218,35,16,14
Miasto_1219,32,25,5
Miasto_1220,14,22,12
Miasto_1221,21,2,13
Miasto_1222,18,39,18
Miasto_1223,35,19,5
Miasto_1224,0,2,13
Miasto_1225,31,25,6
Miasto_1226,13,16,14
Miasto_1227,18,31,6
Miasto_1228,35,3,10
Miasto_1229,36,28,4
Miasto_1230,15,29,1
Miasto_1231,19,8,18
Miasto_1232,26,18,12
Miasto_1233,22,15,2
Miasto_1234,2,5,1
Miasto_1235,0,23,16
Miasto_1236,21,10,12
Miasto_1237,2,13,15
Miasto_1238,36,38,12
Miasto_1239,26,12,7
Miasto_1240,16,11,14
Miasto_1241,17,38,1
Miasto_1242,21,24,10
Miasto_1243,36,18,11
Miasto_1244,21,1,3
Miasto_1245,11,31,3
Miasto_1246,35,6,4
Miasto_1247,23,24,16
Miasto_1248,30,1,10
Miasto_1249,10,8,12
Miasto_1250,23,15,5
Miasto_1251,27,15,4
Miasto_1252,24,14,11
Miasto_1253,31,39,12
Miasto_1254,38,3,16
Miasto_1255,9,25,18
Miasto_1256,8,11,12
Miasto_1257,30,5,3
Miasto_1258,38,30,16
Miasto_1259,6,10,11
Miasto_1260,39,21,14
Miasto_1261,5,33,13
Miasto_1262,5,37,10
Miasto_1263,38,12,17
Miasto_1264,6,13,4
Miasto_1265,10,18,5
Miasto_1266,38,6,1
Miasto_1267,21,36,5
Miasto_1268,39,8,15
Miasto_1269,9,11,12
Miasto_1270,35,12,16
Miasto_1271,26,8,13
Miasto_1272,24,32,7
Miasto_1273,29,38,15
Miasto_1274,31,3,8
Miasto_1275,38,32,17
Miasto_1276,37,11,9
Miasto_1277,3,20,7
Miasto_1278,37,8,2
Miasto_1279,21,25,4
Miasto_1280,10,22,14
Miasto_1281,4,25,6
Miasto_1282,20,5,1
Miasto_1283,8,9,16
Miasto_1284,25,10,15
Miasto_1285,15,18,3
Miasto_1286,28,8,11
Miasto_1287,24,28,12
Miasto_1288,19,24,6
Miasto_1289,28,32,16
Miasto_1290,9,24,8
Miasto_1291,34,18,3
Miasto_1292,6,21,3
Miasto_1293,2,12,9
Miasto_1294,8,34,5
Miasto_1295,31,31,6
Miasto_1296,29,14,12
Miasto_1297,6,17,15
Miasto_1298,6,29,6
Miasto_1299,8,36,9
Miasto_1300,26,21,6
Miasto_1301,21,12,8
Miasto_1302,14,2,2
Miasto_1303,23,31,3
Miasto_1304,17,18,8
Miasto_1305,18,21,17
Miasto_1306,2,35,1
Miasto_1307,13,2,7
Miasto_1308,0,5,5
Miasto_1309,37,31,7
Miasto_1310,7,1,15
Miasto_1311,29,35,12
Miasto_1312,25,8,17
Miasto_1313,29,34,3
Miasto_1314,39,5,8
Miasto_1315,15,3,2
Miasto_1316,29,37,1
Miasto_1317,13,8,2
Miasto_1318,27,0,6
Miasto_1319,20,12,13
Miasto_1320,14,1,16
Miasto_1321,18,14,17
Miasto_1322,19,39,12
Miasto_1323,2,31,13
Miasto_1324,10,20,11
Miasto_1325,6,38,17
Miasto_1326,4,30,12
Miasto_1327,25,39,5
Miasto_1328,35,9,1
Miasto_1329,0,22,11
Miasto_1330,28,7,16
Miasto_1331,23,20,3
Miasto_1332,26,1,7
Miasto_1333,10,15,5
Miasto_1334,5,30,14
Miasto_1335,26,34,7
Miasto_1336,32,0,12
Miasto_1337,20,7,5
Miasto_1338,34,26,13
Miasto_1339,2,0,18
Miasto_1340,32,35,5
Miasto_1341,3,37,9
Miasto_1342,21,20,14
Miasto_1343,21,5,3
Miasto_1344,36,26,17
Miasto_1345,37,28,5
Miasto_1346,36,33,10
Miasto_1347,29,24,18
Miasto_1348,22,17,1
Miasto_1349,12,19,15
Miasto_1350,2,10,7
Miasto_1351,35,8,4
Miasto_1352,18,8,12
Miasto_1353,39,26,5
Miasto_1354,14,15,13
Miasto_1355,1,21,10
Miasto_1356,21,38,12
Miasto_1357,22,32,12
Miasto_1358,32,39,14
Miasto_1359,33,21,18
Miasto_1360,11,3,14
Miasto_1361,24,31,6
Miasto_1362,6,25,4
Miasto_1363,31,21,18
Miasto_1364,10,7,7
Miasto_1365,18,4,1
Miasto_1366,35,29,6
Miasto_1367,0,24,6
Miasto_1368,2,18,15
Miasto_1369,36,39,16
Miasto_1370,18,38,11
Miasto_1371,27,19,8
Miasto_1372,26,23,1
Miasto_1373,28,16,18
Miasto_1374,26,7,16
Miasto_1375,12,14,6
Miasto_1376,3,28,12
Miasto_1377,10,27,16
Miasto_1378,31,32,10
Miasto_1379,28,39,6
Miasto_1380,3,17,11
Miasto_1381,26,15,1
Miasto_1382,36,22,16
Miasto_1383,10,36,10
Miasto_1384,38,13,17
Miasto_1385,38,21,1
Miasto_1386,25,23,11
Miasto_1387,32,3,11
Miasto_1388,2,19,4
Miasto_1389,13,6,17
Miasto_1390,31,2,6
Miasto_1391,14,18,9
Miasto_1392,12,38,18
Miasto_1393,15,8,2
Miasto_1394,13,33,8
Miasto_1395,4,7,12
Miasto_1396,31,15,5
Miasto_1397,27,26,12
Miasto_1398,20,9,2
Miasto_1399,14,32,6
Miasto_1400,20,22,16
Miasto_1401,7,10,11
Miasto_1402,5,18,2
Miasto_1403,24,18,9
Miasto_1404,14,3,4
Miasto_1405,9,4,9
Miasto_1406,3,12,4
Miasto_1407,14,13,12
Miasto_1408,27,9,1
Miasto_1409,10,9,18
Miasto_1410,23,35,10
Miasto_1411,7,29,16
Miasto_1412,10,32,14
Miasto_1413,36,17,16
Miasto_1414,32,29,10
Miasto_1415,11,33,1
Miasto_1416,22,39,8
Miasto_1417,23,30,1
Miasto_1418,32,16,4
Miasto_1419,6,24,5
Miasto_1420,20,23,13
Miasto_1421,24,19,17
Miasto_1422,1,28,16
Miasto_1423,34,38,15
Miasto_1424,17,1,13
Miasto_1425,25,0,16
Miasto_1426,12,18,6
Miasto_1427,33,27,11
Miasto_1428,8,12,10
Miasto_1429,7,35,5
Miasto_1430,18,6,1
Miasto_1431,35,38,5
Miasto_1432,28,15,6
Miasto_1433,9,2,13
Miasto_1434,38,1,12
Miasto_1435,16,17,18
Miasto_1436,26,26,5
Miasto_1437,34,17,10
Miasto_1438,19,13,5
Miasto_1439,17,11,13
Miasto_1440,27,10,17
Miasto_1441,1,35,14
Miasto_1442,20,21,14
Miasto_1443,30,25,4
Miasto_1444,20,3,9
Miasto_1445,31,11,17
Miasto_1446,36,37,6
Miasto_1447,30,20,12
Miasto_1448,33,38,7
Miasto_1449,38,2,3
Miasto_1450,38,7,3
Miasto_1451,19,29,4
Miasto_1452,34,39,7
Miasto_1453,3,13,14
Miasto_1454,10,29,17
Miasto_1455,14,14,8
Miasto_1456,35,31,6
Miasto_1457,28,9,10
Miasto_1458,1,9,4
Miasto_1459,2,14,4
Miasto_1460,29,36,7
Miasto_1461,19,25,2
Miasto_1462,22,29,16
Miasto_1463,6,34,12
Miasto_1464,30,17,17
Miasto_1465,29,18,1
Miasto_1466,23,27,9
Miasto_1467,38,17,15
Miasto_1468,15,12,14
Miasto_1469,3,2,1
Miasto_1470,15,30,15
Miasto_1471,27,4,8
Miasto_1472,14,38,12
Miasto_1473,11,20,10
Miasto_1474,5,5,5
Miasto_1475,6,9,3
Miasto_1476,29,15,2
Miasto_1477,39,17,2
Miasto_1478,16,10,6
Miasto_1479,11,0,5
Miasto_1480,24,34,15
Miasto_1481,0,7,10
Miasto_1482,22,8,8
Miasto_1483,39,7,18
Miasto_1484,1,32,18
Miasto_1485,28,19,18
Miasto_1486,29,39,5
Miasto_1487,24,26,15
Miasto_1488,27,32,13
Miasto_1489,21,37,16
Miasto_1490,39,0,10
Miasto_1491,19,6,3
Miasto_1492,37,23,9
Miasto_1493,15,5,2
Miasto_1494,19,11,8
Miasto_1495,8,28,13
Miasto_1496,1,1,9
Miasto_1497,36,25,3
Miasto_1498,37,34,1
Miasto_1499,4,31,10
Miasto_1500,1,36,11
Miasto_1501,37,14,17
Miasto_1502,15,7,18
Miasto_1503,9,27,17
Miasto_1504,10,16,10
Miasto_1505,19,12,1
Miasto_1506,5,20,6
Miasto_1507,0,0,10
Miasto_1508,2,9,4
Miasto_1509,33,7,14
Miasto_1510,27,18,7
Miasto_1511,14,31,11
Miasto_1512,5,35,17
Miasto_1513,37,35,3
Miasto_1514,37,7,2
Miasto_1515,13,24,1
Miasto_1516,0,9,1
Miasto_1517,23,5,13
Miasto_1518,16,33,14
Miasto_1519,23,10,10
Miasto_1520,20,20,18
Miasto_1521,17,30,9
Miasto_1522,14,29,15
Miasto_1523,16,2,9
Miasto_1524,4,18,16
Miasto_1525,20,16,2
Miasto_1526,12,6,17
Miasto_1527,4,6,12
Miasto_1528,38,25,10
Miasto_1529,14,12,5
Miasto_1530,18,2,8
Miasto_1531,18,17,13
Miasto_1532,25,1,15
Miasto_1533,10,19,12
Miasto_1534,21,15,16
Miasto_1535,16,12,9
Miasto_1536,1,33,12
Miasto_1537,26,38,7
Miasto_1538,21,27,3
Miasto_1539,30,32,9
Miasto_1540,12,11,10
Miasto_1541,13,31,8
Miasto_1542,35,33,5
Miasto_1543,2,29,1
Miasto_1544,35,34,7
Miasto_1545,12,7,1
Miasto_1546,34,19,9
Miasto_1547,17,3,15
Miasto_1548,23,32,15
Miasto_1549,15,24,17
Miasto_1550,7,13,6
Miasto_1551,8,6,13
Miasto_1552,32,10,1
Miasto_1553,29,19,10
Miasto_1554,36,36,10
Miasto_1555,20,37,3
Miasto_1556,18,20,6
Miasto_1557,21,29,4
Miasto_1558,10,26,18
Miasto_1559,7,7,5
Miasto_1560,27,37,6
Miasto_1561,1,6,1
Miasto_1562,9,13,13
Miasto_1563,0,16,8
Miasto_1564,12,26,8
Miasto_1565,32,2,15
Miasto_1566,4,0,3
Miasto_1567,32,20,8
Miasto_1568,0,21,8
Miasto_1569,8,37,6
Miasto_1570,19,5,1
Miasto_1571,29,23,11
Miasto_1572,25,2,11
Miasto_1573,2,16,18
Miasto_1574,21,19,14
Miasto_1575,2,27,14
Miasto_1576,2,2,3
Miasto_1577,35,28,5
Miasto_1578,16,19,8
Miasto_1579,2,4,10
Miasto_1580,21,39,11
Miasto_1581,2,36,2
Miasto_1582,19,1,7
Miasto_1583,34,9,2
Miasto_1584,13,21,16
Miasto_1585,25,18,2
Miasto_1586,28,34,3
Miasto_1587,11,25,5
Miasto_1588,37,39,12
Miasto_1589,9,34,16
Miasto_1590,20,27,11
Miasto_1591,33,20,14
Miasto_1592,9,23,8
Miasto_1593,15,39,17
Miasto_1594,2,23,13
Miasto_1595,36,7,18
Miasto_1596,15,25,12
Miasto_1597,21,17,11
Miasto_1598,31,19,6
Miasto_1599,7,17,4
